luctus ut,;N8X 6X1;eget;Stewart Lott
justo. Proin;D3H 9E5;red.;Len Mccray
Phasellus dapibus;O1M 5Q7;nibh.;Hu Haney
lobortis quam;U5G 0T1;dapibus;Dalton Hunter
Proin mi.;K4C 7D7;elementum;Gannon Walton
sociis natoque;E1K 3T3;risus;Aladdin Garza
est arcu;X9A 0E2;urna;Janos Bowers
in, tempus;K8E 1T4;justo;Blake Humphrey
ornare, elit;Z5M 8D5;Integer;Declan Moss
lacus. Aliquam;X4B 2Z5;malesuada;Fulton Beach
dictum cursus.;Y7H 1K8;quis;Arsenio Beard
aliquet magna;D3J 9P8;fermentum;Uriel Perez
In mi;R9C 5L7;felis;Abbot Richmond
sem semper;T2H 7X4;lectus;Jason Ward
sapien molestie;Z5L 4D4;tempus,;Davis Marquez
nibh. Quisque;W6Y 0C2;et;Thaddeus Cooley
mollis. Integer;D2W 0A9;at,;Dorian Brewer
lorem ac;P5U 8U3;lorem,;Marvin Poole
orci lacus;X0Y 2G5;egestas.;Cain Mcmillan
faucibus orci;Z1E 3D7;Nulla;Abel Bartlett
dolor. Fusce;U4E 5R0;sed,;Nehru Steele
sed dictum;E5G 1Y5;amet;Janos Hyde
Phasellus in;V6Z 3Q5;ac,;Macaulay Mccormick
amet risus.;K9Y 2T7;nisl;Theodore Burnett
volutpat ornare,;C6S 3R2;pellentesque.;Lewis Cooper
auctor odio;B8Q 9D7;libero;Steven Benjamin
Cras dolor;V2D 9T3;Integer;Janos Salinas
erat neque;I3A 3C9;molestie;Preston Preston
auctor vitae,;X6Y 6X0;ridiculus;Wylie Gallagher
scelerisque mollis.;S4M 1B8;congue;Amir Johns
sapien. Aenean;O9H 7D0;Maecenas;Kieran Mayo
senectus et;Y2Z 2R2;Maecenas;Tad Leon
libero est,;L2M 4Z3;et;Kaseem Hull
Sed eu;Q5X 8R7;commodo;Keane Whitehead
fames ac;S1R 3A6;Aenean;Ulysses Thompson
eget mollis;N7F 4S3;arcu.;Giacomo Vincent
vitae dolor.;Z1N 9I9;iaculis;Merritt Salas
Mauris magna.;P3W 5N0;mi.;Caesar Park
nisi sem;R3H 1D8;adipiscing.;Zahir York
a felis;A3B 4A3;aliquet;Lawrence Townsend
nonummy ut,;W2P 3B3;elit,;Colin Hendricks
ornare, lectus;Q2L 0D9;urna;Rudyard Curtis
est, vitae;I2I 1C8;faucibus;Hashim Franklin
cursus et,;L0X 5Z7;pede.;Reese Coleman
sed, est.;I1F 3K1;dapibus;Laith Newton
in, dolor.;H4W 1X6;ante.;Driscoll Orr
ligula eu;I2N 1Y8;blandit;Hall Underwood
ut eros;D6X 1J5;nonummy.;Kibo Cherry
iaculis aliquet;K9O 4N5;bibendum;Chaney Hicks
eget, ipsum.;P1L 4U5;dolor;Hall Farley
consectetuer adipiscing;V9P 5M1;lectus;Luke Merrill
dolor. Donec;I7P 4N0;tincidunt;Coby Todd
et, eros.;B8X 8H5;red;Holmes Benjamin
nibh vulputate;I9B 5W7;velit.;Tad Jarvis
risus. Donec;S7E 5Z7;eu;Caleb Salas
et malesuada;C3U 7D4;arcu.;Lars Dennis
Mauris vel;N6E 8P9;tincidunt;Hector Frye
consectetuer euismod;P0J 4Q4;Curabitur;Aristotle Cameron
libero nec;L1Y 1I8;ac;Solomon Cain
lacus. Mauris;L5P 8U7;Etiam;Myles Acevedo
varius orci,;V6X 2C3;red;Blaze Atkinson
nunc. In;N6V 2H0;Cras;Bert Solomon
enim consequat;B6Q 3U2;nec;Malachi Allen
blandit. Nam;D3K 3G5;nec;Amir Butler
quis turpis;R2X 8P8;at;John Rosa
sit amet;Q6L 4S4;ligula;Darius Ray
sed dictum;O6Y 9H4;sagittis.;Hector Miles
Sed nunc;U8D 9D4;sem;Kibo Carney
eros nec;N2S 3H8;ornare;Valentine Alston
ut, pharetra;R7E 6K4;red;Hop Odonnell
Duis risus;O3Q 1B4;non,;Jackson Burgess
dictum sapien.;V3P 3O1;lobortis;Brenden Stout
natoque penatibus;X8G 7I5;tincidunt,;Ashton Young
gravida sagittis.;B8Y 0V3;et,;Allistair Dudley
non lorem;B2Z 2W5;Integer;Thaddeus Petersen
neque pellentesque;Z3N 0L1;ante;Barclay Rosales
consectetuer adipiscing;X3W 9A6;vehicula;Jesse Adams
ut, pellentesque;W2P 4C5;pellentesque;Isaac Blackburn
nec, malesuada;T7W 8S2;sagittis;Nasim Wall
a sollicitudin;Y7X 3L5;pede;Steel Mann
vitae diam.;T9U 2O4;non,;Burton Kent
ullamcorper. Duis;S6F 1G1;habitant;Charles Langley
quis, pede.;V6C 5C9;lacinia;Janos Dawson
imperdiet nec,;P9B 2T0;est;Ezra Jacobson
vitae risus.;X2G 6H7;id;Nicholas Lara
sodales at,;D9H 3R8;mauris;Roth Park
vulputate ullamcorper;B3K 5H8;Etiam;Elvis Bradley
inceptos hymenaeos.;F2B 6H6;ut;Fulton Norris
quis, pede.;F1V 8A5;hendrerit;Myles Waller
scelerisque, lorem;W2R 1O5;Duis;Evan Vincent
non dui;U7Z 6E3;dui;Dominic Salinas
dolor. Quisque;H2I 5T0;egestas;Coby Craft
iaculis, lacus;V3J 7E0;quam;Reuben Grant
lacinia mattis.;Q3B 9W8;vel;Mark Vega
Nulla dignissim.;I0N 0O5;nec;Lars Gonzales
pharetra, felis;U7Z 9U3;gravida.;Gage Bright
nunc ac;S8S 2R1;lobortis,;Dustin Wallace
amet ornare;H5L 8C5;hendrerit;Scott Blackburn
amet ante.;S9T 5A2;odio,;Beck Sanchez
elementum sem,;T0H 8K4;ultricies;Reuben Horton